text,y_true,y_pred,confidence,correct
I must've missed them. Looking again but if you have a moment can you link it?,6,26,0.06219315528869629,False
It hasn’t happened yet. Just talk to the supervisor or HR. In the meantime don’t borrow trouble.,5,3,0.2032114863395691,False
Break ups are hard. Hope you feel better.,5,25,0.16401588916778564,False
Thank you and your upvoters,15,15,0.22991767525672913,True
Because they are triggered. I’m just stating my opinion. It’s a bit fun.,1,1,0.19816923141479492,True
It would be a little less irritating if the 10 cents you pay if you want some paper bags didn't go to the government as a tax.,3,3,0.1548287719488144,True
"Not at all. It's great of course for financial reasons, but it then makes me worried about how much time she'll have for a relationship.",25,20,0.1579340249300003,False
Saving this. Happy 2019 to ya!,13,15,0.24769297242164612,False
It's honestly the best news I've heard all season.,17,20,0.21797704696655273,False
Help me [NAME] I'm bully in high school for no reason.,14,2,0.14885222911834717,False
I love you guys. Beers on me,18,0,0.1885802149772644,False
"My fiancé and I went to a friends house and just hung out until midnight and watched fireworks, it was so chill and perfect!",17,13,0.0651455670595169,False
And why would I do that? Edit: Thanks for setting up that Walder Frey line for me,15,8,0.24889487028121948,False
THIS IS TRAUMATISING,25,11,0.26745596528053284,False
This question was on here like 2 days ago with 95/5,27,10,0.20083138346672058,False
It really do be like that sometimes,27,3,0.24191327393054962,False
Thanks a bunch <3,15,15,0.1089748814702034,True
"For liquids I might leave the ""7"" out and make sure your citizens are the only race that can spawn in highly savage areas.",27,27,0.15666452050209045,True
Who are these women messaging [NAME]? He looks like a very average-looking teenager.,7,3,0.20858635008335114,False
Your friend must have had a horrible time writing papers if adjectives like that were off limits,27,27,0.3716646432876587,True
You don’t have to hate players just for being on a different team. I hate that [NAME] is an [NAME]. I don’t hate [NAME],10,11,0.2353084683418274,False
"Yikes, maybe [NAME] can pull some [NAME] magic with him ",27,2,0.11298206448554993,False
I'm not sure losing billions in trade is in anyone's interest other that political zealots.,6,6,0.07591742277145386,True
That's a pretty laughable response. Pretty r/iamverybadass actually.,1,1,0.1765642911195755,True
"I always plan that, my wife usually has other ideas though. ",27,13,0.05408695340156555,False
Tbh I think there are a lot of parts of chicago that are way shittier than memphis,3,11,0.10438809543848038,False
"No worries, thanks for replying back! Rotary means you teach one subject and see different classes instead of teaching multiple subjects to the same class :)",15,7,0.19390036165714264,False
And oops AND a yikes. Maybe even as much as an OOF. Definitely a wow from me,20,26,0.3967921733856201,False
IT'S NOT FUNNY HOLLY.,3,1,0.2569018006324768,False
oh yeah? Mines real,27,9,0.09020036458969116,False
WHY IS THERE WOMAN ON MY ENTERTAINMENT??????????,27,1,0.16040906310081482,False
That sounds like a reasonable estimation. So what are YOU going to do? Because you can’t force them to treat you like real people.,7,9,0.10470835864543915,False
"As in when totalitarians show up in solidarity with those ""normal"" people? If you're attracting ANTIFA, you're not normal.",27,26,0.20329540967941284,False
my parents did this for 8 years. apparently it’s a lot of fun,1,1,0.14212548732757568,True
Oof this hits home,0,25,0.1352386325597763,False
I have a really nice tempurpedic one and about 6 king sized fluffy ones that I use to just fall asleep hugging,0,23,0.07810117304325104,False
Also wanna point out that it’s just for like 10mil+ iirc,27,15,0.10683265328407288,False
[NAME]. The third generation [RELIGION] stripper!! Hell yes I watcg 90DF!!!!,27,11,0.09515514969825745,False
"[NAME]... I'm sorry. This is just wrong. I, can't.",10,11,0.27489349246025085,False
Yeah that helps. Thanks :),15,23,0.20113445818424225,False
is your dad very wealthy by any chance [NAME],1,0,0.0948319360613823,False
"Another day, another Newsweek article reporting what some commentator said on TV.",27,10,0.19600535929203033,False
"Yes, I'm just banking on the fact that there will be a bigger idiot than me out there. :-)",27,20,0.1525360643863678,False
"Nah... i think he made around 90... i tried searching up his pocket, and fuck me...",27,24,-0.009261983446776867,False
I wish I had known this when my kitty ran off years ago. 😭,20,23,0.119912289083004,False
> Humans are empathetic and do this daily. I have to remind myself of this sometimes.,3,5,0.33296579122543335,False
I didn't know of [NAME] before I saw that episode. I fucking love that man and have watched an unhealthy amount of him since.,9,22,0.14965467154979706,False
This just makes me feel inferior at this point.,25,12,0.21656422317028046,False
Good luck and have fun,17,13,0.10414770990610123,False
I'll look into it! I don't mind language but misogyny can be pretty intolerable,3,2,0.3041003942489624,False
"Every time, lots of people overwhelm me. I have light sensitivity to florescents so that doesn't help. ",9,3,0.12914039194583893,False
people have built such a stigma around it that it's what comes to mind first instead of positive thoughts.,27,27,0.2285214364528656,True
You ain't wrong,4,10,0.11149011552333832,False
[NAME] x [NAME] sounds cute for some reason.,0,18,0.2636018693447113,False
you are about to be beamed up,27,13,0.23197925090789795,False
Before all of the BS lol,1,22,0.10769029706716537,False
sounds like you are a man who is uncomfortable with women's sexuality.,27,11,0.20703722536563873,False
4. Go out and show [NAME] is still a stud and free agents should want to come here and play with our young core,27,20,0.1629549264907837,False
if they that lame then disprove them mate.,27,10,0.16469460725784302,False
Why make it a video? Could have just been a text post.,7,1,0.23542535305023193,False
I'm laughing because this exact thing happened to me.,1,1,0.2988158166408539,True
Audio on RiF. You have to manually turn it on,27,1,0.15684644877910614,False
"Thanks, saved. Will watch it tomorrow morning :) ",15,22,0.14965638518333435,False
Make fun of them all you want; fact is they won during the regular season when we couldn't.,1,1,0.09635251015424728,True
"Stocks have less market friction...there is also more chaos due to the amount of individuals vying to make money there, compared to here.",6,19,0.05427336320281029,False
Contractions is equivalent....body can only deal with...us women with labor.....I don’t like the way this person speaks.,10,3,0.28378406167030334,False
I saw gluten free cat grass at the pet supplies store once. Did not know that was a thing,27,26,0.05154827982187271,False
Thank you for sharing this with us,15,22,0.12881451845169067,False
Idk if I’m wrong but I think they gave her some piercings on her ear which are cool too,4,15,0.13725078105926514,False
Well how’d the planters pull this off? Step by step.,7,26,0.08048494905233383,False
Feels good getting a number next to our name again.,17,21,0.26884567737579346,False
Your name needs some work LOL,1,9,0.14693626761436462,False
You mean anti-intelligent,22,11,0.2536168098449707,False
I have tried to stay away from using the word “[RELIGION]” as much as possible to stay agreeable with the current styling guide of the church.,27,10,0.3134232759475708,False
The other cop left a fucking animal ordinance notice on his patio chair,3,3,0.16327092051506042,True
Her little baby frown is adorable,0,3,0.28813105821609497,False
Hahaha for real..,1,3,0.13756364583969116,False
A *Pontiac* Montana?,7,22,0.10263406485319138,False
I said this somewhere else.. but I swear that man in the hood is caucasian... But that was actually hilarious,1,1,0.08206519484519958,True
"I never disappoint, just ask your mother. ;)",27,9,0.25200390815734863,False
His best season was a luck filled one. He'd be nothing more than what [NAME] and [NAME] already offer but with worse defense and a worse bat.,27,20,0.1162242442369461,False
I’m sorry you have to deal with that,24,9,0.07917939126491547,False
"Thank you, I know you’re right, I’m just overthinking for sure ",15,19,0.09650416672229767,False
Big ups. The small things make the difference.,27,21,0.22923007607460022,False
"I'd buy this and use the ""wash, dry, fold"" setting exclusively. Sounds great to me. ",0,5,0.14905482530593872,False
"[NAME] was such a nice and calm person, he makes everything wholesome He was just like his paintings Realistic, Hard worked, and with tons of love",0,16,0.3155542016029358,False
"2 Minute [NAME] is the scariest [NAME]. I fear they have yet again, like the regular season game, scored too soon.",14,19,0.23805837333202362,False
As a society we should be ashamed of the fact that this is even a question. Let the suffering stop obviously.,12,5,0.11427140980958939,False
"You can't stop [NAME], you can only hope to contain him",20,14,0.18812088668346405,False
People are disgusting and insane.,11,11,0.27766555547714233,True
"I wouldnt go that far, but paranoid schizophrenia can definitely do that to someone. Even mild social anxiety can also cause it, though",27,14,0.23251873254776,False
This made me snort while laughing. Well done!,1,11,0.16183333098888397,False
"He meant if the comedian made a joke specifically about his grandpa, not any old grandpa, its when it is personal.",27,1,0.3022068738937378,False
Congrats!!! Happy for you.,17,20,0.15219788253307343,False
I friggin love the [NAME] hug!!!!,18,18,0.3595372438430786,True
I’m sure the hornet will be happy if their curse is over!,20,20,0.12383544445037842,True
The miracle was just that. Because we all know the Vikings would fail the next game.,26,22,0.14003720879554749,False
BCH has mostly stopped doing this too. No one who matters fell for it.,27,24,0.07092306017875671,False
I love how many penguins stopped and waited for him 😍,18,26,0.14328758418560028,False
I’m surprised by how quickly they were able to get a graphic for Kent.,26,26,0.15663562715053558,True
I found it interesting that [NAME] wasn’t addressed in FA or until the later rounds of the draft.,7,26,0.18810570240020752,False
[NAME] is the worst coach in bulls history,3,10,0.13390517234802246,False
Also one of my favorite parts of this story.,27,21,0.19303900003433228,False
"Honestly Texas deserves to win with they way they’re playing, they clearly came motivated and they’re outperforming UGA on both sides of the ball.",0,20,0.15250632166862488,False
"Oh, grilled nuggets. Haven't really seen those at fast food places so I thought they were just the regular nuggets",26,3,0.10285080969333649,False
[NAME] is another worthless [NAME]. Utah is unbelievably stupid for voting for him.,27,10,0.11081501096487045,False
"It is though, you just want that to be false.",27,27,0.22124658524990082,True
some people just want attention..lol,27,1,0.2452368289232254,False
[NAME]. Starring [NAME] as the goofy and lovable [NAME].,18,1,0.2035171240568161,False
Literally arrived last week solo. You can use Hellotalk to meet people or go to social events on,27,15,0.0560595765709877,False
No worries! 😊,4,15,0.1780451238155365,False
Im not 😀 Glad you realize your mistake and why I was confused 😉,6,6,0.15762734413146973,True
I'm flattered but I'm a good [RELIGION] scarf,0,0,0.2580098509788513,True
I live here! Apparently I need to be keeping my eyes open.,27,20,0.06048567220568657,False
Well two other close testers are really upset about rolling,9,10,0.18226125836372375,False
"It's great! And it's his own choice, you don't force him.",0,10,0.08679709583520889,False
"Well done dude! Seriously :) But keep it up, don't lose this momentum.",0,21,0.09967257082462311,False
It’s a problem because that box of apparent bone fragments could literally have been found anywhere.,27,6,0.15614086389541626,False
Thank you for saying this. It is disrespectful to me. And it hurts.,15,16,0.21867667138576508,False
I’d be verrrrrrrry nervous if we hired him. Would love him as an OC tho,18,19,0.1652904450893402,False
" Now, can you make another applet to change his wallpaper?",27,1,0.06214183196425438,False
Kids can't have fun anymore...:(,9,1,0.2514040470123291,False
You're a turd,3,10,0.17906197905540466,False
I'm here again to say I love your art and it brings me joy when you post it on this sub bye!,17,0,0.26665613055229187,False
stay strong!,5,20,0.138372004032135,False
"[NAME], with his 8th appearance he's the most veteran player there",0,15,0.05873894691467285,False
What's up with all the gloating.,7,21,0.2764797806739807,False
The description of the cut marks that KZ gave in MaM sounds as if a sawz-all was used.,27,2,0.17489148676395416,False
Feeling insecure now,19,12,0.27683329582214355,False
Love the idea of these birds showing up during family gatherings and puking up trinkets,0,11,0.14535436034202576,False
Nahhh just as they came to me,27,22,0.16587167978286743,False
Some guy that I went to hs with 7 yrs ago but haven't seen him since.,27,0,0.1551322638988495,False
I will always love ohare because it is the home alone airport,18,0,0.12891274690628052,False
Glad I tend to post pics of my cats and not myself.,17,21,0.08310400694608688,False
This has to be a joke...,1,1,0.11641240864992142,True
That's interesting. Have you used it to register on many sites/services?,7,4,0.1381702572107315,False
Omg I just looked it up and all the places look so beautiful there 😍 also I’m sorry that it’s homophobic,0,11,0.18625584244728088,False
Trier is low key an awful defender,10,27,0.11977938562631607,False
"This post made me smile, cute doggo ",0,17,0.23176883161067963,False
You can't choose what genes you pass on.,27,10,0.11223112046718597,False
"""I'm here for the strings"" I like this.",18,18,0.32895269989967346,True
"BEN ""[NAME]"" LOVEJOY!",2,17,0.1518685519695282,False
"Even if it was true, what would they actually gain from misrepresenting the data?",27,6,0.15693897008895874,False
DID YOU KNOW THAT CASHEWS COME FROM A FRUIT!?!?,7,22,0.13516147434711456,False
His smile is so damn creepy,14,19,0.2538561224937439,False
[NAME] is such a gift. I love him.,18,18,0.26855334639549255,True
"I know man, however in some ways it's a good way to act out a martyr complex. ",4,2,0.2147873342037201,False
That doesn't sound right but I don't know enough about stars to dispute it,3,10,0.1399957835674286,False
I never said anything about that lmao,1,10,0.07197747379541397,False
"As a lifelong single person, [NAME] offends me. Feels like I'm apart of some demographic that they can live without :(",9,11,0.2562365233898163,False
Y’all are just jealous that this individual identifies as a fish hook. On a serious note though going through an airport tsa must be a nightmare,3,12,0.10246139019727707,False
"I believe that this may be meant for the person above me, for I have moved into the realm of monetized bananas. ",4,1,0.22455117106437683,False
Praying for me family.,5,23,0.24947386980056763,False
This!!! 🐃 and 💍 for your hard work!,0,15,0.3784818649291992,False
in what universe? lol the mr. blue sky cover is one of the best on the album imo.,0,6,0.16908897459506989,False
That beat is mad smooth,0,13,0.11432837694883347,False
I didn't read the entire article. That's great. Thanks for letting me know. Peace and happy 2019,15,20,0.20657631754875183,False
I fully agree. What works for one doesn't worth for another. Good luck.,4,10,0.12791186571121216,False
And you better fucking get there early too! Bargain shoppers don't fuck around.,3,13,0.07307164371013641,False
Daddy issues [NAME],27,12,0.22702477872371674,False
"He’s gone soon I would imagine, hope we can get a late-mid round pick for him, like a 5th",20,20,0.13738000392913818,True
Thanks mate. It's just a process now. Fingers crossed that time will heal all (or most) wounds!,15,25,0.0552300289273262,False
"""I love animals but I hate PETA."" - [NAME] ",10,11,0.28141605854034424,False
Limits... vote yes.,27,10,0.13614162802696228,False
Oh my. Bless this dog. He is a big boy. I love him so much. Tell him I love him.,18,18,0.26960429549217224,True
god damn this is some major league pathos,27,25,0.2564382553100586,False
These aren't [NAME]... they're [NAME] that like to pose in the form of a hexagram for some reason,4,2,0.3116149306297302,False
You’re a liar. 😂,3,24,0.1469581574201584,False
I just found my new flair. Thanks [NAME].,15,22,0.22974735498428345,False
"Now I know where to do stag party for my friend, finally.",4,15,0.07880912721157074,False
So no. All you have is lies and delusions. Thanks for the confirmation,15,22,0.07691864669322968,False
I don’t think that would be an issue with [NAME]. He doesn’t seem like work ethic is his problem,4,10,0.1492289900779724,False
Sorry to be the bearer of bad tidings.,24,9,0.27115970849990845,False
We need [NAME] to take a 7 year deal or less. I can picture the Dodgers giving [NAME] 7 years,27,9,0.18703314661979675,False
"Rapists can have parental rights in some states, assuming they find him.",12,24,0.0850856751203537,False
It's absolutely beautiful,0,0,0.25362610816955566,True
"For me, the only thing that makes it cringe is [NAME] covering his mouth",27,11,0.35745105147361755,False
"[NAME] has had this problem forever. Hopefully she fixes it, because it gets old and is a relationship killer ",20,3,0.1562524288892746,False
Too many injuries. I predict he will be off the roster by September.,20,9,0.0698217824101448,False
I can't wait to tell my daughter how she used to love me so much she even wanted to watch me poop.,18,18,0.13644373416900635,True
"They never seem to think this when the police arrive, with their guns, to end a terrible situation. ",27,24,0.10500874370336533,False
"She can take her boring, drunk husband with her. He's not interesting at all.",3,27,0.15082260966300964,False
I'm more interested in why there are goldfish in the picture...,13,17,0.16005945205688477,False
The first sentence alone sums it all up 😂,4,21,0.27835723757743835,False
"Hahahahahahahaa (Sorry, that is all I can say, it does not require a more intelligible comment.) ",1,6,0.16714917123317719,False
This is a new level of entitlement. THE BATHROOM IS OUT OF ORDER! What makes you so entitled to use an OUT OF ORDER bathroom!,3,11,0.14126719534397125,False
[NAME] was awful last season. Let's sign [NAME] instead.,27,4,0.1757718026638031,False
You missed a golden opportunity here 22meirl4meirl42meirl4meirl,27,9,0.15994460880756378,False
"They never will until it affects them directly, and by then it's already in the end game for us :/",10,20,0.10377970337867737,False
"Lol for real tho. But hey, we’re a football, soccer, and tennis school now",4,1,0.0702734962105751,False
she also goes on to claim her memory started at 10 months old,27,22,0.2314838171005249,False
"Bide your time, keep your eyes open, and build the reputation and relationship needed. The opportunity will come.",8,9,0.05767442286014557,False
Day 1557: people still complaining about a commercial,27,9,0.2300833761692047,False
The thought of shooting anything at asylum seekers is appalling.,14,11,0.16912509500980377,False
"Seeing how I was as a teen and how most teens are, nope! Dont want to deal with that.",10,9,0.061598144471645355,False
Wow... I’m so glad that my dog is lazy like me.,17,3,0.05631152167916298,False
I don't drink at all specifically because the next day is sheer terror.,14,11,0.11880939453840256,False
still would be great. especially if we get [NAME] from denver aswell in FA,27,20,0.09537272155284882,False
Signed up! This is brilliant!,0,4,0.1689649522304535,False
"My nipples are rock hard right now, just ruined my shirt. ",3,11,0.18219318985939026,False
Yes I keep hearing it’s a great and eye opening read so it on my to read list. thanks 👍,15,22,0.26464587450027466,False
"You must be wrong, because this is the sub for intelligent people!!! ",10,6,0.17019066214561462,False
But I think his feelings care about the fact that he's still not tall enough to ride any of the roller coasters at Disneyland,5,27,0.20530834794044495,False
Reminds me of the old lady in Police Academy 4 shooting the .44 magnum. Damn that was fun!,22,2,0.04562930017709732,False
One of the most posted things on reddit. Please delete,27,11,0.2514723837375641,False
TIL I learned there are no drugs or violent incidents in prisons.,27,22,0.15233270823955536,False
"Narrator: ""They did not""",10,10,0.2538212835788727,True
Yah. I unfortunately was sitting and watching this documentary with my Mother. That was very awkward.,12,12,0.15337145328521729,True
"Yea, very rude. Avoid anything with a strong smell like fish and popcorn, curry is just as strong. ",10,11,0.22634923458099365,False
I don't feel so financially secure,14,19,0.1472887396812439,False
"Go with her, eat healthy food with her too. It may help",4,23,0.055820442736148834,False
Not sad enough fo here the skeleton is dead so he can't comit sucide,27,25,0.28136876225471497,False
I want someone to take me to the hospital,8,5,0.23791153728961945,False
"Wait a minute, the rich own ranches.... You're one of them!",7,11,0.07313264161348343,False
[NAME] is the gift we all deserve,27,15,0.3558673560619354,False
"So it's we now eh jerk-off, as in troll farm to creat FUD and drive the premium up on the order book. I knew it.",27,1,0.22264167666435242,False
I think its his brother ?,7,12,0.05459275469183922,False
"My only criticism is xhaka, too slow on and off the ball.",10,10,0.08459024876356125,True
The essay is optional.,27,27,0.3561716079711914,True
This... I don't think this is Ohio...,6,14,0.1693572998046875,False
"I am proud of you random internet stranger, you peopled good today.",0,21,0.2458808422088623,False
"As a Cardinals man i agree, makes me want to deck the cunt but hes huge and i love him, so conflicted",4,11,0.15316487848758698,False
"I am generally a happy person. If you like to pay millions of dollars to semi-literates to represent your government, it's up to you!",17,17,0.31602180004119873,True
"[NAME], he’s who I’m most excited to see develop ",13,13,0.2068677544593811,True
Old timbermill. Was that the long payload defense and attack?,7,26,0.08835253119468689,False
Yeah that's not nearly as dramatic and aggressive as the ball in the above video.,10,2,0.16519634425640106,False
I believe it was clear I disagreed. And I don’t play wow.,10,10,0.23002418875694275,True
Just get in front of him and stop,27,3,0.10175898671150208,False
"Unpack it, spread it around, share your fatphobia with everyone!",27,11,0.2386455088853836,False
Glad to see [NAME] back,17,23,0.2381206750869751,False
Now you're lying. Suburbs = more than Bellevue and Kirkland.,27,27,0.0422276109457016,True
They are very heavily scripted which is why it can be borderline unethical.,4,27,0.09746187180280685,False
[NAME] is a hungry little bastard.,2,8,0.2400365024805069,False
Do you.....have a certificate showing you're not a donkey-brained man?,27,6,0.13862170279026031,False
We're one in the same!!!!!!!!!!!😂😂😂😂,4,18,0.21071770787239075,False
"Before the camera was on him, he noticed the atrocious fake jersey on the nimrod beside him. ",27,12,0.21027395129203796,False
It's good if you hate workers and love pollution,0,10,0.22542241215705872,False
The more I look the worse it gets,22,12,0.2335720807313919,False
"Oh. So you are actually full of shit. Okay, noted. Thanks.",15,10,0.11631609499454498,False
You're a hottie!,0,15,0.12982389330863953,False
[NAME] is fucking destroying Bama and I LOVE IT,17,0,0.12406199425458908,False
"Aww, thank you [NAME] for capturing me!!",15,18,0.23224306106567383,False
I'm not seeing eye patch guy,6,22,0.09735500812530518,False
"Ironically, I just sense that they are working in an area where this is a ready stream of revenue just waiting for them.",27,20,0.19120848178863525,False
>Feminism is how we get to equality how do you know that?,7,22,0.17953535914421082,False
"Nihilism makes me happy, but I know that’s just my opinion.",17,17,0.3057945966720581,True
My cousin is coming back as interim exec chef this week until we get a new chef. If you are my cousin the answer is NO!,3,20,0.0478985495865345,False
What a beauty,0,18,0.13822197914123535,False
Awesome! Welcome aboard! I'm glad your first game was a win!,0,20,0.08501900732517242,False
I had forgotten it was coming up until I saw this. That us my level of excitement and anticipation.,22,13,0.2809133529663086,False
not writing some stats today [NAME]? just curious xD,7,27,0.0922943726181984,False
Wow. Did u say yes?,7,4,0.16531644761562347,False
Cool! Glad to see some cooperation.,17,4,0.20349684357643127,False
Should be Colt Wesley Small Johnson,27,9,0.02635856717824936,False
I’m super excited and waiting for the FOV slider to put on the live server.,13,26,0.07806887477636337,False
Keep your head up,27,20,0.2737447917461395,False
"I can’t help but notice they didn’t show [NAME], [NAME], or the most dramatic transformation of all, [NAME]",27,26,0.23277036845684052,False
R&M is still a good show but it's fans have driven it to Fortnite levels of annoyance.,3,3,0.1448020339012146,True
"""You should be so lucky."" Bonus points if they get confused. ",0,26,0.2513464689254761,False
the longest week (2014) I don’t know if it’s still available but it was pretty good romantic comedy,4,18,0.13442982733249664,False
"Please ask questions about moving to Denver in the Q&A sticky, thanks! Short answer: no ",15,20,0.03496124595403671,False
Sounds like a great chap,0,0,0.1149691715836525,True
Ya I’m not opening any PDF from The Company. Rather get my malware the old fashioned way....from porn.,27,11,0.21169008314609528,False
[NAME] is still mad at [NAME] either way.,27,2,0.332916259765625,False
"yea he had 6 assists which created 13 points, if he had 13 points and no assists people would be calling it a great game for him",10,21,0.1257774829864502,False
"I recently came upon the term ""that slaps"" in reference to delicious food, or simply an enjoyable experience. ",27,26,0.3550766408443451,False
“Those floors with *that* paneling? Ugh! Disgusting!”,11,11,0.24831324815750122,True
I suppose it is quite frustrating to have someone telling you the sky isn't blue,3,6,0.3328354060649872,False
"To be fair, I’m not slaughtering my own food ",27,11,0.12625029683113098,False
Thanks for posting this OP. Many times people change their minds and do the right thing but unfortunately we don't hear about it.,15,24,0.17429962754249573,False
"A horrendous amount of Sesame oil, god, that would be awful.",11,11,0.1991431713104248,True
Best NYG draft pick EVER!!!!,27,26,0.09093493223190308,False
OMG [NAME]!,13,26,0.19553107023239136,False
You don't have to watch it if you don't want to. Nobody is holding a gun to your head.,27,27,0.12479013949632645,True
"Or better yet, on the woman who will let ME play with them!",27,11,0.07872076332569122,False
I'd very much doubt many people believe there was no awareness or complicity.,6,6,0.1836187243461609,True
Winter isn't even that bad here.,27,23,0.07717986404895782,False
Tell me a couple,27,27,0.15420977771282196,True
"Damn, I didn't know that you used to mod there.",26,1,0.011362066492438316,False
Do you have the voting link? I went on the NHL website but I didn't see anything.,6,4,0.1715802699327469,False
Saints Moderators are busy banning tonight!!,27,10,0.07405516505241394,False
This is something that has to be learned from experience. Don't be hard on yourself!,5,9,0.14085456728935242,False
Hey that's a thought! Maybe we need [NAME] to be the celebrity vaccine endorsement!,27,4,0.2163400948047638,False
it's hurting my heart :( why did you leave me,25,25,0.2933182716369629,True
That was one of the things that I didn't think about and I already gave a delta for that.,27,9,0.13416844606399536,False
"Thanks man, I appreciate it, I love her but this was way to far, thanks man 💜",0,18,0.1803068071603775,False
What’s the motive for doing this? To save on fuel by transporting as many people as possible in one go?,6,23,0.09890704602003098,False
"I'm a little sad that there's not actually a video called Dance of the Hillary, virus or not.",25,11,0.09962305426597595,False
"I swear to [NAME], I'm going to approach you. Instead of running away, I'll come right to you.",27,2,0.27843546867370605,False
"Super [NAME] with a hat, or providing a buffed hat sounds really funny, if incredibly useless.",1,1,0.17361879348754883,True
Pretty much every Punjabi dude I've met.,4,11,0.0862637311220169,False
Wow. Thanks for this.,15,2,0.09652857482433319,False
Mumbling on twitter and r/politics. Also [NAME] is getting annoyed as well. He is mr appropriations after all.,27,3,0.2290995568037033,False
This really circled my jerk,3,2,0.2157212346792221,False
[NAME] doesn't believe in tipping.,27,10,0.18341052532196045,False
Congratulations. You posted the famous very first lolcat picture.,0,21,0.1378253847360611,False
Whoever told you that is lying.,27,10,0.07190559804439545,False
Great quote.,0,21,0.2135583758354187,False
It's got what plants crave.,27,8,0.26649022102355957,False
Very possible but there's absolutely zero indication were working on a deal to trade [NAME] currently. We're not just going to trade him away for peanuts.,27,6,0.12291628122329712,False
That's a great comparison,0,2,0.08095233142375946,False
That sounds really cool! I'll be there,0,13,0.10334658622741699,False
AS..... YOU.... WISSHHH!!!.. Inconceivable! My first ever silver. Thank you kind stranger.,15,15,0.25920483469963074,True
I agree that you need more time in the later turns. But most games it feels like people wait until it is their turn to start thinking.,4,19,0.10737473517656326,False
how does asperger feel like,7,19,0.21305643022060394,False
they will also hate the eagles for years to come because their fans were a bunch of meanies,3,2,0.1602567583322525,False
Are you talking about equalization payments? Because BC doesn't get equalization payments.,7,6,0.11888821423053741,False
"Idk why ur being downvoted, I thought that's funny",1,1,0.20291844010353088,True
Wow that's some great facts and logic you're arguing with.,0,27,-0.011313959956169128,False
Really? I love that show,18,11,0.0864325612783432,False
Well let’s hope so.,20,20,0.16162654757499695,True
The [NAME] did send his only son to score for our Pens! We are REDEEMED!,27,21,0.23929807543754578,False
This was definitely worth the $1000+ it cost to do,4,21,0.10409998148679733,False
Go to your room.,27,12,0.1541488766670227,False
New Haven has tons of locations that have strong cyber punk-y vibes at night!,0,19,0.06254906952381134,False
I just tell myself that I'll be put together for some girl. She won't have to treat me like a fixer upper.,27,9,0.20386222004890442,False
i would agree with that. i still dont see a good reason not to provide daycare though.,4,5,0.10166998952627182,False
"[NAME], you're annoying. Did [NAME] steal your girl or what? Everytime someone mentions [NAME] on this subreddit, you appear to trash talk him.",3,3,0.1293228268623352,True
HOLY SHIT CHANCE,2,26,0.06032080948352814,False
All the people in this thread are fucking disgusting,11,11,0.30168381333351135,True
im aware. im trying to figure out how the heck you found it in what i said. even after given context to the situation.,22,6,0.2548038363456726,False
I hope you get the mental help that you clearly need.,20,24,0.13160789012908936,False
You just gotta have little faith. They are gonna need more money and maybe then we can get to Tahiti.,20,20,0.17643801867961884,True
I'm literally screaming.,25,2,0.2769545018672943,False
Thanks!!,15,15,0.14696870744228363,True
From super smash bros melee?,27,2,0.1556016206741333,False
I agree.,4,10,0.15421387553215027,False
"I sure hope so! Otherwise, I've been in the wrong sub.",20,20,0.16233089566230774,True
"Nothing special, just love a good knife fight. Bonus Revive.",18,23,0.14497287571430206,False
"I’m a fan of them in the wild, weasels are interesting. Not as pets, nope. ",0,11,0.1145055964589119,False
Just keep going and don't lose hope. Stuff like this can happen all the time to anybody. It's just bad luck,9,9,0.19049133360385895,True
I hear you buddy. I rage so hard my jaws lock,27,2,0.3543325960636139,False
I’m sorry to hear that friend :(. It’s for the best most likely if she didn’t accept you for who you are,24,9,0.14025342464447021,False
here's a nice little introduction video for,27,7,0.1682024747133255,False
"Sorry, realized I hadn’t answered the question lol. Was typing that when your response popped. ",24,22,0.159888356924057,False
"I will say that her housing bill left a very bad taste in my mouth, and this is coming from someone with a very high opinion of [NAME].",11,11,0.3333403468132019,True
I'm a [NAME] and tripping has only strengthened my faith. To each their own.,27,22,0.222833514213562,False
I’ve never heard of a vet adopting out pets before.,26,5,0.08572402596473694,False
"They have a huge problem with rich freaks diddling kids, that's pretty libertarian.",3,10,0.10340136289596558,False
Thought he dislocated his shoulder at first,27,26,0.17821797728538513,False
Standing ovation. Nicely done.,0,4,0.3042064309120178,False
Was that an airbag at your legs/feet area?,7,23,0.17473918199539185,False
I was in awe the whole hour I spent in there.,14,26,0.19710293412208557,False
"What a pretentious, self-promoting post.",0,21,0.30026113986968994,False
These were one of the worst commentators I have ever been forced to listen to. The jokes were so cringe-worthy.,11,1,0.09855101257562637,False
There is zero conclusive evidence supporting this position.,27,10,0.0926712304353714,False
Damn video made me think there was audio!!,9,26,0.13045674562454224,False
A waste of money to you is not a waste of money for everyone.,3,10,0.12790276110172272,False
My opinion is that anyone smart enough would simply not work for [NAME] in the first place.,3,9,0.1365644335746765,False
I admit I’ll be fairly happy if we continue to invest in young internationals and sign a $100+ mil free agent every offseason.,4,20,0.19496901333332062,False
"My point is that IQ basically works. As with literally everything, there are flaws, but it's not junk science. ",4,27,0.13565212488174438,False
I don't mind posts bashing NOED or DS. But I wish this one would make sense or would be funny.,8,6,0.21410207450389862,False
Wait so I shouldn't try to sell my shavers by telling my customers that they aren't good enough and could do better? Damn.,3,10,0.15477582812309265,False
"Hope you're not [RELIGION], 'cause that ain't kosher... ",20,11,0.2526398301124573,False
Rich is also a name,27,0,0.2088993936777115,False
happy new year buddy!,17,15,0.13980959355831146,False
Of all 3 trilogies the Prequels pander the most to children. Even with its monotonous political banter.,27,11,0.2807198464870453,False
"Happy? Not really, but glad we can come to a conclusion to my offhand semi in jest reply.",7,17,0.2972480058670044,False
the knock off names are super cringey but i love looking for them,18,11,0.06684492528438568,False
"I pose you this question, ""How do you know [RELIGION] is not the right religion?""",2,6,0.21827968955039978,False
I once heard the rotting carcass of a trash Panda works also thats if you cant get your hands on a fresh chinchilla,27,11,0.08451928198337555,False
"You love her knowing her limitations, adjusting your expectations, and keeping boundaries firmly set and enforced hard.",18,18,0.3308878540992737,True
Not sure if we can call him ginger anymore. That hairline went into a recession that'd put 2009 to shame.,6,2,0.004607943817973137,False
It’s 8 rounds on all different topics organized by check it,27,7,0.13321298360824585,False
"My adopted daughter told me, ""You can't tell me what to do. You're not my dad."" While true, it still stung.",9,10,0.2672242522239685,False
I am unconcerned.,25,27,0.20999902486801147,False
"The questions are normal enough, but all at once and leading with them is a little weird.",12,7,0.16837747395038605,False
Is she single?,7,18,0.061189278960227966,False
K... I guess I'll just take your work for it.,4,21,0.22413370013237,False
Child labor laws are ruining this country,9,11,0.10340085625648499,False
It also makes me cry! but because it shows how far [NAME] has fallen...,25,25,0.4059638977050781,True
"I saw a lot of it on Tumblr. A lot of young girls doing the ""ana-butterfly"" thing. ",27,12,0.22183366119861603,False
Yet we keep supporting this race to the bottom to the worst tolerable option...,4,10,0.11275201290845871,False
"I wasn’t being sarcastic, I was just asking if you are morbidly obese. ",27,1,0.14364151656627655,False
I literally didn’t but ok,9,22,0.13846826553344727,False
"Ah TDS victim, got it.",4,24,0.14576482772827148,False
"I got bad news for ya'll. I picked Chargers, Colts, Saints, and Cowboys to win. So Eagles might be winning :/ ",9,9,0.1198253333568573,True
Just speak with a Sheffield accent lmao,27,3,0.12260854244232178,False
"I've had a few blisters from hot welds, but nothing that bad...",27,2,0.09985360503196716,False
Stay strong dude,5,20,0.10456999391317368,False
Thank you! Very cool!! 😎,15,18,0.13246968388557434,False
Or just use a fast weapon. He's pretty predictable once you get his patterns down.,27,19,0.0849926620721817,False
2 weeks! thats my dream!,27,20,0.056308433413505554,False
Hey I said that to my grammar once,27,12,0.24527424573898315,False
For free? Tell him you ain no prude. You want $100,27,18,0.05267968028783798,False
BECAUSE THERE IS A SHUTDOWN ATTACHED TO IT! HOW DO YOU NOT GET THAT?,2,3,0.20304648578166962,False
That’s better:-) now go get em tiger,4,21,0.10762324929237366,False
This is so cringey it hurts. I feel so bad for whoever sent this because they are so stupid.,9,12,0.2830897271633148,False
"Ha ha ha, thank you so much, he is a total gentleman. Ok, bull by the horns time!",1,15,0.111141137778759,False
"Fake news! but really, that's awesome to have a parent that actually understands how to teach their child accountability. ",0,24,0.16321605443954468,False
I thought they were talking about the cat.,27,6,0.1701529324054718,False
Is...Is this a Hitman themed FE Shitpost?...I dunno whether to be happy or impressed by this.,17,2,0.27847737073898315,False
The original video was debunked. Do you agree or disagree?,27,10,0.047815434634685516,False
"Wow that's amazing, I hope my situation is as good next year. ",0,20,0.19760936498641968,False
Oh sure. I bet [NAME] is sick. Sick of Skyward Sword.,9,11,0.2367161214351654,False
In many states the law prosecutes the server just as harsh as the lawbreakers when it comes to alcohol. Dram shop law,9,24,0.14011602103710175,False
Don't chase after out of position teammates. Your life as a Mercy is more important. Let them fools die and learn their lesson.,3,5,0.14831489324569702,False
"Stay in bed and binge watch a new show, my suggestion Brooklyn 99",27,23,0.1166512668132782,False
Don’t tempt me!,10,8,0.13342778384685516,False
I'm autistic and I'd appreciate if you remove that comment. Thanks.,15,12,0.22362594306468964,False
"Last game I think someone said it well, ""[NAME] like a toddler in an NBA Pro's body. ",4,12,0.1759679615497589,False
30 bombs won’t be enough for me to feel good running [NAME] and his career .291 OBP out there every day,27,17,0.10553589463233948,False
> Clothing predates religions though Can you cite that? It seems like a somewhat interesting question.,7,7,0.16419972479343414,True
I'm replying just bask in the glow with someone else! Yay!!,4,1,0.20002728700637817,False
MR. STEAL YO' GIRL!,27,26,0.10937489569187164,False
I'm just too lazy to count a subreddit for 20 characters every time I see one,27,1,0.18318124115467072,False
[NAME] [NAME] Bros are losing their minds over this tweet.,1,6,0.2637633979320526,False
There is also no dog in the white house. Why? Because dogs can smell an asshole a mile away.,4,27,0.12388888001441956,False
Sounds weird but dont swallow,26,11,0.14195170998573303,False
"Maybe she was attempting to be ironic? I dunno, man, people are just an enigma.",6,12,0.32964077591896057,False
Can't wait to see her looks in S11!,7,26,0.07256118953227997,False
"Yes, you selfish prick. ",2,12,0.10295796394348145,False
Yeah super confused about that considering it was only [NAME] she had beef with lol,1,2,0.288911908864975,False
It's going to get awfully dark and cold at night.,11,19,0.23137447237968445,False
Can we forget that this moment happened,12,22,0.14022387564182281,False
Reading this made me happy and I don't even know you. Keep doing your thing!🙌🏼,17,17,0.21631816029548645,True
"Of course man, I really appreciate this. But it's okay, I can just message you through here. It's fine:)",15,15,0.10066672414541245,True
Cinesphere and Trillium Park are both fantastic spots and I see absolutely zero reason to change them.,0,27,0.04175321385264397,False
"Some very fine, well developed grade school humor right there.",0,1,0.32249677181243896,False
Oh! Thanks for clarifying. The entire time I thought it was written by a child to their OWN parents. I'm thick.,15,6,0.40260082483291626,False
Humanity is doomed,9,11,0.24316391348838806,False
the most romantic thing that can possibly happen to me,17,18,0.424500435590744,False
I've just listened to it on my way from school today! [NAME] anatomy introduced some beautiful music.,0,22,0.20057614147663116,False
Got it! Thank you!,15,15,0.24437807500362396,True
that offense averaged 20 points a game. the same as this year and look where we are.,27,20,0.08517485857009888,False
Thank [NAME] for the person walking down the sidewalk otherwise i would have thought it was a loop immidiately,15,15,0.37051743268966675,True
"Canada is full of nice people, but has also produced some pretty gnarly serial killers, so...",0,24,0.0742139145731926,False
"It's racism. It doesn't make me angry, it makes me feel sorry for their ignorance and yours.",3,3,0.25939372181892395,True
"Yes, we are going to kink shame you. ",12,12,0.23891837894916534,True
It appears [NAME] has come back as a cat.,27,26,0.20257437229156494,False
"i’n on a diet for my disease AND to lose weight therefore it cancels out boys, i’m scot free",27,23,0.08154687285423279,False
He may be jealous that you were able to do so,27,9,0.13318178057670593,False
"He has 3 years as first team manager, he signed the contract in November, but it doesn't matter",27,20,0.11523246765136719,False
Threatening to drive your sisters into the ocean is illegal. It's called making a terroristic threat or menacing and can cause her to lose access to your sisters,14,2,0.1892504096031189,False
I love this wow,18,2,0.16068053245544434,False
Loathing Big Pharma has nothing to do with being anti-vax.,10,10,0.19809430837631226,True
I'm using mine on the Consumer Cellular customers that come in mad at me because they have to set up an Apple Account to use their IPhone.,11,3,0.0991906225681305,False
Thank you. ❤️ I really appreciate your comment,15,18,0.18563221395015717,False
"Man, that sounds like a big stuff around. Good luck getting it sorted",20,3,0.08979711681604385,False
Whammer!,27,2,0.20207974314689636,False
"Another day, another destiny! ",20,9,0.28597384691238403,False
Tiki Lounge always smells like sewage. I'm surprise it's lasted this long.,11,11,0.17357425391674042,True
Way too much fuuuck,2,3,0.14407067000865936,False
"Other form of distractions such as shopping, reading, media, being here and also being surrounded by people I find attractive :-/",27,3,0.1727539747953415,False
"Wow, so he was pulling his own little mini [NAME] scam. Explains why he couldn't use your reporting tool.",17,3,0.10050155222415924,False
oh gosh [NAME] had issues as well with someone and his leg i forgot.,27,12,0.08374937623739243,False
"Probably smashed his oil pan too, I'd give that car 3 miles to live.",27,9,0.034573156386613846,False
They should just give us the cup now and save everyone some time,27,9,0.1266561597585678,False
"Sorry, but anarcho-anything are bot welcome there",24,10,0.19945991039276123,False
It’s amazing how buggy this game is. Itd [NAME] buying a new car with most of the parts broken. We will fix it eventually.,0,9,0.15374313294887543,False
"Love this guy, love this team",18,0,0.17364510893821716,False
I can't imagine buds being very hard to find in Hawaii,26,18,0.05584591254591942,False
"That whole [NAME] bit of ""I'm not gonna rape you. I'm a little boy."" is oddly on target.",27,12,0.20506078004837036,False
"No, but it changes the expectations that people have for you. You have so deliberately change who you are to play to your target audience.",27,12,0.19230568408966064,False
"[NAME]! Fun fact, it was [NAME]. who led the stacked 86 Mets rotation in wins with 18.",27,26,0.09109143912792206,False
"Oscars are trying to be more hip and contemporary now, so don't be surprised if [NAME] and [NAME] win. ",26,20,0.14685702323913574,False
thats even scarier haha,1,14,0.23277366161346436,False
And I can't call the capitol switchboard to express my concern about this because the government is shut down. Awesome.,0,6,0.0953940600156784,False
Probably when they fired their cartoonist a few months ago for having the wrong opinions.,10,10,0.22179895639419556,True
Hang on is that allowed? Geez that guy seemed really angry.,2,2,0.2869880795478821,True
"Calm down, dickwad",27,3,0.21615467965602875,False
And just the “stop looking at me” was so old school. It was nice!,4,0,0.18221692740917206,False
[NAME] fits at 3 separate funerals plus almost every very serious uncomfortable conversation I've ever had would indicate you're not alone. [NAME].,5,12,0.2873569130897522,False
Free weed lol don't get what you're complaining about.,1,9,0.17438501119613647,False
"its not about claiming its yours, its just about where it is from",27,21,0.27786383032798767,False
"“Guys watch out, the scary looking kid is coming down the hall”",14,19,0.2971113324165344,False
CAPTAIN!! ye-yeah? LOOK!!!,27,26,0.22084057331085205,False
"Yep. If we don't come up with a solution, there is no need for solutions to anything else.",4,20,0.11190783232450485,False
He knew what you meant. He pretended to be confused to save face. that’s disgusting...,11,6,0.3411372900009155,False
"Lol, right? Who says that before banging? “Is you ovulatin?” SOOOO repulsive. 🤮🤮",7,12,0.2897169589996338,False
A bash that doesn’t guaranty anything? Isn’t that a bad thing I mean it’s one of the complaints of heard about lawbringers shove,7,2,0.24708235263824463,False
"Yes, your trolling is very good. You’re so brave for giving us the opportunity to downvote your sock account to hell.",27,1,0.16432777047157288,False
>happily live in any hole they find. What's my love life got to do with this,7,9,0.1278691589832306,False
Yeah that was inexcusable,2,24,0.09039679169654846,False
"[NAME] said that it was recorded the monday after [NAME], that's why his voice is like that.",27,19,0.179498091340065,False
What the hell kind of university schedules a class at 6am?,2,26,0.12642772495746613,False
He wasn’t hot to me but he has that attitude I find attractive af.,0,0,0.1224144995212555,True
... that's simply wrong.,10,11,0.17081871628761292,False
America will lose. You are mentally-deranged and the enemy.,27,2,0.12590420246124268,False
Is that what happens is [NAME] route? I chose [NAME] and he only does once.,7,2,0.08986222743988037,False
American democracy is weak but it's not dead. If the intention of your comment was to discourage people from voting then you are the problem.,3,10,0.1794566512107849,False
we deserve to lose after that,9,24,0.09658288955688477,False
Terrible shade of lipstick she's wearing...,11,11,0.2844869792461395,True
Thanks. I'll be phoning the psych tomorrow (maybe) about med increase since I'm on the lowest anyways.,15,20,0.12342237681150436,False
But sweat pea it’s a MAN wearing makeup! My gay bestie BABES 🍭🍆🧖‍♂️ ,27,12,0.16584639251232147,False
The only one I'd recomend is [NAME] to be honest,27,27,0.2185564935207367,True
Now go to Gulag!!!!,27,2,0.12807703018188477,False
29 and 39. Didn’t get to see my fathers parents for too long. I definitely got my condition from my Father.,27,5,0.031147656962275505,False
what a beast,0,26,0.08880257606506348,False
[NAME] has consistently being volatile. It's just a matter of time until she's being rude to [NAME] again.,3,2,0.27256762981414795,False
I'd say Rick and Morty fans. I'm a fan of both but I feel that Rick and Morty fans take everything way more seriously.,27,1,0.2101515531539917,False
Fucking hell they're bringing on all the giants,2,19,0.04552813619375229,False
I wouldn't say age would stop it just lessen the affect of it but probably start to notice it around mid to late 30's.,22,22,0.028612684458494186,True
Yea... I'll have to pass on the carpool with a username like that,8,11,0.1183776706457138,False
wow - resonates with me.,26,22,0.26433053612709045,False
Well everyone is entitled to their opinion but I think you need to be a bit more mature about everyone having different bodies,5,10,0.1246335580945015,False
I'm Tent,27,26,0.15764430165290833,False
I love this. you get a favorite.,18,18,0.13562676310539246,True
BERNIE OR BUST,27,20,0.15384428203105927,False
Leave it to a maintenance technician to not do it right the first time.,27,9,0.07028736919164658,False
People who don’t want to own houses,27,11,0.18442413210868835,False
Looking cool [NAME],1,13,0.21160073578357697,False
"Yeah, even though I give it to him that it was confusing that they designed Crysis 1 for PCs that wouldn't come out for like 5 years.",6,6,0.20546385645866394,True
Greatest part of that goal is the pique backheel for me. What is he even doing there :)),7,23,0.11337137222290039,False
I got a lot of withholding to throw me into anxiety.,19,19,0.2875703275203705,True
Most non immigrants won't do farm work for peanuts either,27,9,0.025803104043006897,False
These are the same people who thought liking hot sauce was a major scandal,27,11,0.2007349729537964,False
A girl came into him recently and he pre maturely ejaculated. He had to type this.,27,12,0.2521244287490845,False
Really not sure how that’s your takeaway.,10,27,0.1598701775074005,False
Works for me. The video is called : The great porn experiment | [NAME] | TEDxGlasgow,27,11,0.09741540253162384,False
"Other than the jerseys, optic merch is like an after thought. Wish they would step it up more.",27,13,0.10271640121936798,False
"Going by it's [NAME] rating though, the district should be leaning blue. ",20,27,0.269936740398407,False
This has to be a joke. Your written word is atrocious.,1,1,0.24385666847229004,True
"Was looking for this comment, thank you! Every so often someone will freak out over dilated pupils and post a pic here",15,15,0.18372930586338043,True
My dog is less uglier than this.,27,12,0.17887188494205475,False
Well 216 is out now and Im crying. [NAME] why?,25,9,0.2947569489479065,False
I feel like you need to get out of your current situation for the sake of your own happiness.,5,18,0.14885854721069336,False
"I love you, brother. ",18,0,0.19420288503170013,False
[NAME] better see the floor today,27,19,0.18935686349868774,False
[NAME] and [NAME]? High five on the cheers tho,7,0,0.2256767749786377,False
I never understood the point of parole. Seems to me like an expensive way to increase recidivism.,6,24,0.17124076187610626,False
Logic and facts are verboten on that sub. Truly bizarre that people are that sensitive.,27,11,0.1934208869934082,False
And motherf'ing crack!,27,2,0.12734273076057434,False
"I regale them with stories of times when the dfaq runs out of chocolate cake, reminding them that we too can sometimes have it rough. ",27,9,0.21842676401138306,False
Thanks. And wow! Nice burn.,0,2,0.11067543178796768,False
That was what was most nauseating for me honestly. Not a single period used once.,11,11,0.20128577947616577,True
out of everyone why AC?,7,27,0.15560390055179596,False
"Today's Recaptchas were fun. I'm very good at identifying store fronts, apparently...",17,26,0.16194459795951843,False
I try to keep my hands busy. I would do better when I have acrylic nails because it wasn’t as easy/just wasn’t the same.,27,3,0.026183685287833214,False
How many wins are they into those ranks and at what winrate. Regardless thanks for the info.,7,21,0.028534581884741783,False
I thought you were suggesting a bigger knife for a second.,27,22,0.11230795085430145,False
Call your attorney general. 615-741-3491,27,24,0.05674738436937332,False
"I agree with your guy. Sex can sometimes improve with the adulterous partner, because he/she feels desired and sexy again.",4,9,0.09360077977180481,False
This is my ex and I rib about this all the time,27,12,0.1340371072292328,False
"*DRAINS, CLOGS, BACKED UP LOGS [NAME]!* *OH, NO, TOILET OVERFLOW [NAME]!*",3,12,0.1275745928287506,False
is a recent article interesting read.,0,7,0.36381596326828003,False
So true! My brain always goes to these places when buying a car...,4,22,0.16235028207302094,False
PC Plod. The old bill,27,1,0.14692451059818268,False
This is honestly the cherry on top of the cake with this story. That's absolutely hilarious!,1,1,0.1503017097711563,True
My mom used to think [NAME] was the handsomest NFL coach for what that’s worth.,0,0,0.1410585194826126,True
"Weirdly enough Salad Fingers is one of [NAME] weaker animations, highly recommend ‘The Unfixable Thought Machine’",11,11,0.17304903268814087,True
I do this but but feel better in the end because I use it for procrastination. It's a weird combinational to feel better and worse while cleaning.,2,23,0.17534279823303223,False
"How did [NAME] just give that beatdown to Attach, the other player was so far away.",27,26,0.11424940824508667,False
This is awesome! do you have any more artwork on a website or social site? Is this for sale!?,0,18,0.12489099055528641,False
> pushed all of them Hey dumbass you pushed the emergency button,2,26,0.15653471648693085,False
And they went to therapy. At least they made active steps to work on their problems unlike a lot of other people.,0,25,0.14530089497566223,False
Once some joked that I was a [NAME] just because my family had moved to West Germany for a couple years when I was a infant.,1,12,0.1857733428478241,False
"> People on the team needs to be cool. yup, totally 2016(my csgo trading days) in a straight line.",8,10,0.11555708944797516,False
"Shaving her legs, hoping the video didn’t cut short and that’s all she shaved in there....",20,12,0.1258901208639145,False
They call it the hub and spoke system. They neglected to include a wheel.,10,1,0.14689481258392334,False
Wait one of the posters responding is using makeup from ten years ago.,27,11,0.1219060868024826,False
Because of this bad situation some people are afraid of becoming youtubers because of this,14,14,0.1273667812347412,True
Do you have the link to that ? I would love to hear the story from him,7,22,0.07321158051490784,False
Still haven't heard a good reason why the delay isn't shorter,27,6,0.08821263909339905,False
To me it’s sounds like he is trying to find fault in her to make himself feel better about leaving her.,27,24,0.2971040606498718,False
"Autism (mechanistic thinking, lack of theory of mind) is the opposite of intuition (thinking without thinking). ",27,6,0.25315696001052856,False
good luck! I wish you the best <33,20,18,0.12526100873947144,False
Furthermore the kids are staying with you and wife can move out of the family home and back in with MIL.,27,4,0.09906098246574402,False
I don't think either of them took that bump outside any worse than the other. That was jarring.,11,26,0.1215561255812645,False
Offense does too. Love [NAME] but he's hurting our spacing being out there so much.,10,6,0.10432101041078568,False
FYI… the [NAME] has these in their kitchen in “ That 70s Show.”,27,15,0.16405397653579712,False
Best of luck mate. I’ve yet to reach my limit but this brought me closer,0,22,0.053324565291404724,False
Petey ot [NAME]. Let's go. Hockey gods cannot forsake us this much,27,16,0.11363992840051651,False
"I like your style, let's not wait on any historians to miss any opportunities. ",18,21,0.13193000853061676,False
How can we send money to you?,6,15,0.2107936143875122,False
> we can't john beard that big,10,11,0.09814245998859406,False
"Ah, the old [NAME] to [NAME] to [NAME] to [NAME] pipeline.",27,6,0.11442436277866364,False
"Good idea, brought to the table by a questionable at best minister, likely for the purpose of shifting focus away from his failures. ",0,20,0.13365784287452698,False
Hello autism my old friend,3,1,0.22517089545726776,False
i love how the caption implies that the only unrealistic thing/ the only thing that gives away the photoshop is the sleeve lol,1,9,0.19980758428573608,False
Hopefully you saved that letter!,20,15,0.27073413133621216,False
"Lord [NAME] called, he wants his style back",8,2,0.16289928555488586,False
Seen this result coming. Best result for us and rangers unfortunately.,0,20,0.14794319868087769,False
Talk about an oldddd school shit coin.,2,11,0.16782157123088837,False
Got it. Sorry you feel that way man. I hope you find your own way to impact the game or enjoy it next year.,20,9,0.09209442883729935,False
"Damned if nobody knows who they are, damned if they do",27,12,0.23309822380542755,False
This makes me want to get nipple piercings but I’m too scared to :/,14,11,0.134368896484375,False
feeling like im not normal and that im shameful and wrong and other people telling me those things are what have done this to me,12,12,0.35425865650177,True
Yeah. Basically Sky Germany and Sky Sports aren't reliable at all,10,9,0.09952180087566376,False
You can get a penta from 30 seconds after the quad.,4,22,0.06379003822803497,False
I just saw this on netflix..... Now I'm Watching it... Then you post this.... It's like we almost watched it together...,18,22,0.21454483270645142,False
I wouldn’t mind [NAME] on a 4 year contract,4,4,0.1813567876815796,True
"I think we should conduct a study and find out, otherwise I don’t know and you don’t either",6,11,0.16032856702804565,False
"I was a [NAME] fan for a good bit, so that swayed me a little towards his teams",27,0,0.08605396747589111,False
"At the same time, if the camera quality is so shitty you can be certain the mic is too.",27,10,0.10968022793531418,False
I agree. I was merely attacking the fragility and ineffectiveness of democracy. Thanks for the example!,15,10,0.14600956439971924,False
"I grew up in the south and we ate casseroles all the time. So I share your ""what?!?!""",27,11,0.19490660727024078,False
"I will, Thank you!!",15,7,0.0075683873146772385,False
Looks like these guys were sold Brexit lies,27,9,0.12730920314788818,False
I hope everyone has a nice day.,20,15,0.17905676364898682,False
I think this is the only place on the internet that is happy with this commercial hahaha,1,17,0.19718466699123383,False
"Funny how that works! Thanks for digging up the link, I've been on a 90s ska nostalgia trip ever since I clicked it :P",1,22,0.06972222030162811,False
"Germany is the first country in Europe I've been to! Planning on Ireland next, and maybe Croatia(hoping for Germany again, though :) )",8,20,0.019013293087482452,False
"I'm 5'6"" and three quarters haha. Have hair though.",27,12,-0.03482288122177124,False
"For [NAME] sake, they used OFFICIAL ones , my god. Fucking animals.",2,11,0.15942879021167755,False
I dont think thats too far off. There are 200k homes in most suburbs.,27,20,0.04591565579175949,False
Yeah... THEY are the one looking for attention. This type of comments should be ignored. I hate troll comments.,2,1,0.18883150815963745,False
Fuuuuuck. That’s the worst I’ve seen.,2,11,0.22561651468276978,False
"Welp , that statement is not very wrong.",10,27,0.19857311248779297,False
You da real MVP,27,1,0.11547878384590149,False
"Result of ""I have camera so I'm invincible"" syndrome.",27,12,0.2066698670387268,False
"See that's what I figured, but at the same time academy is such a hindrance 😂",22,7,0.09233170747756958,False
I wanna die!,25,11,0.22424271702766418,False
Contacted the hospital I was born at and I’m getting my birth certificate! Thanks for all the help this was a big step forward,13,20,0.18672770261764526,False
"I am really sorry for you, but oh my [NAME] this made me cry laughing. I hope the cat learns to like you eventually",1,18,0.051565878093242645,False
At least she's correct,4,10,0.22062966227531433,False
I wish more people enjoyed that sport.. when that clay explodes you get that FEEL,8,1,0.10860314965248108,False
"If you have schools in your city, I got bad news for ya champ...",25,11,0.11349597573280334,False
"Losing my identity, wondering have I gone insane...",25,22,0.09216196089982986,False
The more unattractive the leader looks now the more attractive the new one will look come 2020,27,11,0.18311096727848053,False
And yet it looks like one thing you can't is read. Shame shame.,12,6,0.3318544626235962,False
Can you please update me! I'm in the exact position! 24FHL with 21MLL,7,20,0.016051046550273895,False
"It depends on who you ask. i didnt downvote you, im answering now",3,10,0.1931067258119583,False
When you insult someone you might want to start by insulting them to where they can understand what you're trying to say...who givES A fuck .,2,2,0.24335499107837677,True
That's a maryland fan comment. You should be ashamed of yourself.,12,12,0.17576487362384796,True
"College is a very lonely place. Very stressful, very lonely. [NAME]. Good luck out there man.",25,25,0.11252063512802124,True
Welcome to the freedom and democracy circus that is 'mercuh! 👍,13,11,0.14446114003658295,False
Why would I do that?,7,11,0.13352392613887787,False
I unironically agree with everything on the left side of this.,4,4,0.262140154838562,True
**LET’S GO HAWKS!!!**,13,4,0.11274456977844238,False
that's awesome-sometimes getting in the shower seems like an impossible undertaking but you did it,0,21,0.11724577844142914,False
"In looking at the questions answered in the AMAs following the [NAME] podcast, I don't see any related to [NAME] or race/IQ. ",10,7,0.07635676860809326,False
"Well, 1/2 has been done already!",27,9,0.10776796191930771,False
All I want for Christmas is a broken home,8,8,0.2392139881849289,True
I want to see this a a movie!!,27,26,0.15103775262832642,False
[NAME] is trying not to laugh through his lines and hoesntly I love it.,18,1,0.2865583896636963,False
He was young and he thought he was doing the right thing. No need to be rude about it.,4,24,0.21254214644432068,False
THE PACK RUNS DEEP AND HARD. I WOULD SHARE MY KRAFT MAC AND CHEESE WITH YOU ANY DAY. AROOOOOOOOO,27,11,0.14025795459747314,False
I punch them in the throat before they get the chance to speak.,2,2,0.2262631058692932,True
"If you know it's the right thing to do, it's better to ""lose"" that person than to ""lose"" that opportunity.",22,24,0.2232898324728012,False
You also can’t prove it happened so logically this doesn’t exist and is a paradox that never happened therefore pi = 3.14159,10,6,0.09567100554704666,False
"Oh no! No, there was nothing wrong in your comment. I appreciate you taking the time! ",0,10,0.15551994740962982,False
So this is how democracy dies... With thunderous upvotes.,2,11,0.21971803903579712,False
This is stupid,3,6,0.15888157486915588,False
You seem pretty upset about this. It's not an email it is a formal filing. It doesn't surprise me you don't understand that though.,9,6,0.325002521276474,False
Weird as I do know I've seen CoC waste/recycling services trucks picking up bins as early as 6:30AM.,11,3,0.005465377122163773,False
"Sheet cake did *nothing* to you, man",27,9,0.17127355933189392,False
"Maybe he *did* leave the building. If you can't find him, he could've left without you knowing. Is that better or worse?",6,12,0.0834406316280365,False
Welcome home!,15,23,0.15655547380447388,False
i said first world :),27,26,0.1092713326215744,False
at least it wasn’t the evil [NAME].,23,2,0.1993333250284195,False
You still didn’t answer the question. Sorry it’s bugging me :),24,3,0.1800367832183838,False
Because [NAME] base are also the kind of folk who like [NAME]. In the end it only helps him.,27,27,0.22454175353050232,True
PS. I love my aunt! She’s one of the reasons I went into “nursins.”,18,18,0.16143745183944702,True
Someone hold me,27,23,0.18893742561340332,False
"I’m so proud of you for taking care of you and your babies, mama! We love you and stay strong.",5,18,0.1599280834197998,False
"I'm a woman, 50-adjacent, and a descendant of slaves. I like hot sauce but I hate [NAME].",18,11,0.365735799074173,False
Yeah that's what I just got. Fkin annoying.,3,3,0.25928282737731934,True
"No one ever laid on their death bed and said, “I regret not working even harder.”",24,24,0.24416661262512207,True
"Oh no that's so awkward, I don't understand how people don't understand how weird things like that are! ",12,12,0.3275894224643707,True
Oh my [NAME] that's so awkward,12,12,0.32582712173461914,True
"If they actually have more evidence that he was deeper than originally suspected, then I have no sympathy.",27,24,0.1749105453491211,False
What's that like? Like what's the thought process? I dunno. I know what's a weird question..i just can't imagine,27,6,0.2829452455043793,False
oh cool! Must be tiring for [NAME] though. Looking forward to watching them!,0,13,0.08270086348056793,False
Laxatives in brownies. Itching powder in shoes. Remove toilet paper from bathroom. Kill him Sharpie his face when he goes to sleep Put a stink bomb in his booksack Steal his girl.,27,3,0.1347171664237976,False
People on Reddit barely know anything about law but they love to get riled up about the little that they do know,18,3,0.2391509860754013,False
I think you'll find that dating is really difficult for poly men. It's the biggest reason why I'm monogamous.,4,6,0.01877674087882042,False
Tiny long whiny mewl. Hangry doesn’t happen for another 6 hours.,27,3,0.2912365794181824,False
whatup [NAME]?,27,1,0.23371188342571259,False
"There's so many! Auntie [NAME] and Dame [NAME] are two of the best. But personally, the bass player from Spiderbait, [NAME].",27,11,0.006858963519334793,False
"I want to go scuba diving so bad, but swimming in anything bigger than a pool terrifies me.",14,14,0.13451437652111053,True
"I like all of them, depending on what I want to learn. I really like [NAME] and [NAME] style, because they are such trolls. ",3,7,0.1942054033279419,False
So the article is pretty much nonsense.,3,6,0.25661951303482056,False
Where were they? I was trying to track them down and couldn’t remember where I saw them.,6,22,0.05229267477989197,False
"I now live in the Mediterranean, which is nice. ",4,23,0.08729779720306396,False
"Oh, what a tangled web we weave When first we practise to deceive!",22,6,0.24152278900146484,False
"I appreciate [NAME] diving for that, but because he did, it lead to wide open Korver transition 3. About as automatic as it gets",27,22,0.1174563318490982,False
I like it,18,11,0.18714381754398346,False
Has Medicaid stopped? Most people I know who support this want Medicare or Medicaid for all.,7,5,0.09417661279439926,False
Can you go see her in person?,7,18,0.11703824996948242,False
Like this game from a week ago? 26 points 14,4,26,0.016467027366161346,False
SHE SHOULD BE ON A HILL SOMEWHERE WITH THE SUN AND THE CLOUDS ABOVE HER!,27,23,0.13637998700141907,False
Thanks for the good news!,15,20,0.10263941437005997,False
I'm sure that's a really important issue to you that consumes your daily life...,27,27,0.10603684931993484,True
"As a Jeep driver, I constantly have to remind other Jeep drivers that 4WD/AWD only makes a difference when driving. Everyone has 4-wheel stop.",27,10,0.10199423134326935,False
Going to my favorite greasy burger place in Madison tonight to celebrate my ability to eat delicious burgers whenever I want because I'm in my early 20's,17,21,0.1770988553762436,False
"if the pain doesn't go away after 4 hours or so, it's broke.",25,27,0.12072984129190445,False
[NAME] what a dork you are to think the above comment means I am daft to the behavior endured by women for way too long.,27,12,0.16258978843688965,False
If you think all manufactured foods haven't got those contaminants then you're sadly mistaken.,10,11,0.21684108674526215,False
"I remember when wall Wal Mart tried to ""overtake"" the German market. Eat this Wal Mart.",27,9,0.09160023927688599,False
Its very popular in the not comic book demographics.,27,1,0.22248788177967072,False
She's married and I respect her family and husband too much.,5,11,0.1449035406112671,False
"Part of me wants to say ""Yea, that happened.""",27,26,0.23056718707084656,False
They're a Queens family. [NAME] would be one of those dudes who sits outside of Bodegas and bothers high school girls when they walk by.,27,16,0.11547823250293732,False
too damn often!! and i’m cute as hell! i’m mad!!,3,3,0.26903805136680603,True
I understand that. My question is more if anyone would be excited for it or interested in helping,8,20,0.14699065685272217,False
"I’m with you, like shouldn’t we call someone or make sure this was followed up on? This poor guy. ",7,5,0.09130752831697464,False
It's all greek to me,27,6,0.32177701592445374,False
"Not sure, I'm not good at expressing my feelings, and sometimes I get angry and say things that very hurtful",2,3,0.4119681715965271,False
Well that makes sense.,4,6,0.18908724188804626,False
"Yeah, that one. I forgot the name earlier.",27,26,0.05076275393366814,False
"Anti-vaxers aren't funny anymore, now they're just scary...",14,1,0.17502644658088684,False
I love it! It’s strangely charming lol!!! Especially when she comes back to camera speaking normally.,1,1,0.1724759340286255,True
Why GPL instead of AGPL?,27,4,0.09236939996480942,False
That’s her way of saying you aren’t getting the job,27,9,0.309327095746994,False
"This. We already have so much more OL talent. We need another WR and TE, but I'm kinda excited",13,20,0.11789125949144363,False
Chill. Not everyone is perfect.,4,3,0.17356714606285095,False
The best part of froyo is getting to do it yourself. Robot is useless and bad at it's job.,0,9,0.09448780119419098,False
Right? It’s not like her family seems like they wouldn’t have helped with her son.,9,5,0.1908879280090332,False
You’re wrong. Source: I looked before I commented the first time.,10,10,0.15304453670978546,True
"I will then be singing ""The hills are alive with the sound of music.""",27,13,0.19407227635383606,False
After he did the one year contract last year I'm not seeing him staying here with no improvement from our team.,10,20,0.20100849866867065,False
"Ahhh, I see it now. Thanks.",15,15,0.301245778799057,True
I don't think playing with her hair would work. Thats just creepy.,3,11,0.04498313367366791,False
THIS MADE ME CRY,25,25,0.2254737913608551,True
"If you look at her from a distance, she's super cute. Then you get close and it's a [NAME] painting of tweaky, delusion.",0,3,0.2671516537666321,False
"And then you're stuck on that medication for life, sounds like a scary trade-off.",14,14,0.11381153762340546,True
"[NAME] were the peak memes back when I first started on Reddit. Honestly none of the meme subs are good, they're all pretty cringy. ",12,1,0.16605347394943237,False
"I don't know, they'd have to reduce the accuracy of the NPCs a bit then cause I sure don't like 1-shotters using aimbot",27,3,0.03788510337471962,False
"If the fan doesn't work, then I'm fine with it.",4,9,0.14663416147232056,False
auto play really sucks but sex education was a really good show ngl I binged the whole thing in like two days.,27,27,0.06932279467582703,True
And now I'm hungry. Thanks.,15,8,0.18958406150341034,False
I get wound up over completely imagined conversations too 😅 I'm trying to meditate and learn to stop myself from going down the rabbit hole.,20,3,0.27450791001319885,False
FWIW this was also posted yesterday,22,15,0.0885174423456192,False
[NAME] throwing the ball to Spain,27,12,0.15030859410762787,False
And that smilie she gave the fiancé when he sat down with the sandwich....I would be scared if I was him.,14,19,0.24600565433502197,False
"And they won‘t until it hits them - or not even then, somehow blaming it on others too.",27,6,0.10619939118623734,False
You've shifted the goalposts from first novel to first modern novel... You people always complain that incels don't provide any support for their claims.,27,6,0.24538089334964752,False
Absolute queens! ❤🏳️‍🌈🏳️‍🌈🏳️‍🌈,0,0,0.18879583477973938,True
Me either. But I sometimes fantasize about it.,8,11,0.21281857788562775,False
"Change your mindset to not expect anything in return, if they do great if not...their loss",8,9,0.320264995098114,False
Congrats on the sex!,0,15,0.15886150300502777,False
I already told him off and typing the number into Facebook came back with a whole bunch of nothing.,27,3,0.10627157241106033,False
"“I hold that the more helpless a creature, the more entitled it is to protection by man from the cruelty of man” -[NAME]",27,5,0.30554699897766113,False
"Has he done this with other world leaders, too? Or only [NAME]?",7,12,0.11713242530822754,False
"[NAME] instead of [NAME] for me, but glad to see [NAME] is doing well.",17,17,0.20826564729213715,True
My mom sent it to me so I knew it was bad but I didn’t realise it was already here,22,11,0.30583664774894714,False
You've described my parents who have been happily married for 36 years. You are good dude.,0,18,0.17498049139976501,False
Ours came today too :). We got 22 hbu?,27,15,0.09955096244812012,False
"LOL you are mental ,love it",1,2,0.04234182462096214,False
"Thank you, I will tackle those too!",15,7,0.05912737920880318,False
Anyone else think [NAME] talks too much in this and drowns destiny and hbomb out My man be talkin,3,27,0.19054248929023743,False
"Welcome to switzerland 😂 I see it everyday, when I'm on my way to work. ",4,15,0.16946756839752197,False
That is even worse. No tax from them and we provide them with services.,11,15,0.04860115051269531,False
"It will be carefully tailored to piss their parents off, which I will enjoy greatly :-)",17,1,0.17846998572349548,False
Cool. Good luck!,20,20,0.04962807148694992,True
"Excess of 300 partners and not using protection is unappealing to me, I dont want catch anything ",10,11,0.026523718610405922,False
"Seriously, I’ve been catching and loving this one since it first came out.",0,22,0.14010579884052277,False
What camouflage?,6,14,0.1847972422838211,False
"I think bluey is quite possibly the greatest kids s how I've ever seen So quintessentially Aussie, nails family life, funny as hell. Love it",0,1,0.12273652106523514,False
Baby rape. Can’t make a funny joke about it.,2,12,0.22430101037025452,False
"He is a right click bot now lol, but seriously you do the same but with worse mobility.",1,2,0.028668725863099098,False
This whole comment is just reeeing about reeeing. Reeeception,27,6,0.259086012840271,False
so basically free money for those wealthy enough to take vacations annually. wonderful.,13,20,0.17813895642757416,False
"Daily would be great, but...life stuff like work sometimes get in the way.",0,23,0.09874893724918365,False
Then I'll be accused of being a racist.,22,10,0.1168789342045784,False
This is so bad that I immediately retold it to everyone I know.,9,11,0.2433347851037979,False
"No, because asses that hot don't come in trenta",27,8,0.049355648458004,False
"Ohh, whoops. I still don’t agree but I see my mistake ",10,10,0.23304328322410583,True
So this is what edging feels like,27,3,0.24790364503860474,False
GAA' isn't a sport...,10,1,0.14836087822914124,False
I was about to explain that the one with 8 h's was taken until I read your username. Beautiful.,0,15,0.15564219653606415,False
I will thanks :),15,7,0.03258758783340454,False
Oh hell yeah,2,0,0.10827847570180893,False
I would love to see some encouragement and smiles on the sideline instead of yelling and whining.,4,20,0.2930455803871155,False
Do you people just sit in meme economy and wait for something new to come up?,27,1,0.20475967228412628,False
"I clearly recall being told the same thing in ‘97, when I was driving a ‘74...except the years were different obv.",27,22,0.13206548988819122,False
The Future is BIG!,27,20,0.2621372938156128,False
Thanks for your kind words. They made me tear up a bit.,15,16,0.26024478673934937,False
" looks unreal, like it's a toy or something.",26,26,0.1583212912082672,True
I hope for Irelands sake you're right.,20,20,0.12216842174530029,True
"so lucky. im afraid to tell my [NAME] gf. :"")",0,18,0.12434069812297821,False
"So more [NAME]? No thanks. Love the guys, but that’s for side projects. ",18,7,0.1666756272315979,False
"[NAME] fucking [NAME] are you done yet racist motherfucker, you’re not helping society",11,5,0.11334098130464554,False
To be fair how often has someone drafted in the top 5 not immediately joined the team.,26,22,0.03664177656173706,False
You’ll struggle to get premier league tickets (without paying a hefty premium) so concentrate on the lower leagues.,5,9,-0.02553553134202957,False
The food you are putting in your mouth is causing obesity. Stop abusing it. A higher body weight is the cause of your increased risk of ILLNESSES,5,4,0.06627266854047775,False
Kinda reminds me of that pluto pic from nasa,22,19,0.15915518999099731,False
fake gamer girl didnt know [NAME] is already a rapper,27,12,0.11288443207740784,False
Oh [NAME]!,13,26,0.240276500582695,False
I know I am still going to frequent Argonaut and my other neighborhood family owned liquor store.,22,4,0.030376562848687172,False
Hold up you saying you wouldnt do that to the necromancer?,27,11,0.08611705154180527,False
"Not gonna lie, kinda looks like a unicorn sneezed on waffles",27,26,0.172734797000885,False
"Sphh, that was badass. I say that went well.",27,4,0.1046692281961441,False
"""Here's your fucking well done with pink in the center [NAME], jsut like youre stupid fucking table wants!""",2,3,0.2449834793806076,False
It did! Good luck on yours!! -[NAME],4,20,0.2541087567806244,False
"More accurate, relevant map",27,7,0.088371142745018,False
We need another goal to show for it. Come on boys.,27,9,0.18008333444595337,False
"That's a lot of words to say ""I'm upset that women don't want to date me.""",9,9,0.2890194058418274,True
You can just go to their subreddit and there's a lot of things people are saying that we've been saying all these years.,27,20,0.14053934812545776,False
Reminds me of [NAME] in IASIP,13,12,0.31362491846084595,False
* yes * yes * yes * yes,4,4,0.1140781044960022,True
"You will have symptoms for a few more weeks while it kicks in, good luck, glad to see youre doing better",0,20,0.06666651368141174,False
Probably yes. Impossible to say without details. Has he tried giving the bill to his insurance?,7,24,0.05701903626322746,False
"Yep, just back to how it was before, but this time with little public support as we are all pissed of with it all",27,20,0.166448712348938,False
">They played three games in a week three separate times. [NAME], that's absolutely brutal",26,16,0.11903907358646393,False
Lol looks delicious,0,11,0.09125451743602753,False
Mom used to do it all time when I was a kid.,27,3,0.11555884033441544,False
Thanks for giving advice to the people who need it 👌🙏,15,23,0.16164204478263855,False
I think you should nourish it with activated almonds.,4,27,0.1291218101978302,False
I like this new trend,18,11,0.15303951501846313,False
you're hilarious. Thanks for the entertainment this morning.,1,1,0.1708909422159195,True
*sigh* just take it ⬆️,4,23,0.16213804483413696,False
"No R movies or tv shows, no buy from me. But I’m sure people with kids will love it.",18,11,0.1760556548833847,False
Give an example of one with an entirely different meaning please. The context of what you mean by different is lacking.,27,6,0.38043028116226196,False
Lol! But I love your last name though. XD,1,11,0.12094616889953613,False
Had my suspicions but didn't want to mindread such a civilized honest actor.,7,11,0.21794244647026062,False
Watching now. Oh wow we both didn't realize how much we hated this guy. This is one of the most quotable episodes by far.,22,2,0.19375069439411163,False
Thanks for the help.,15,3,0.1662973314523697,False
Nobody should keep any around that is this ass-cracked to oblivion.,27,11,0.056123487651348114,False
I always keep my purse by my side. She is asking for trouble.,27,3,0.11377236992120743,False
good news is his fall was cushioned by [NAME] soft hairy body,27,23,0.2332817167043686,False
Probably also saves money. An extra 3 napkins you dont use each time multiplied by thousands of people per day adds up quick,27,12,0.09880803525447845,False
I agree with this,4,11,0.13308000564575195,False
I’ll join your cause brother!,4,21,0.0672394409775734,False
It's good worrying about things that can be helped. Lol,1,23,0.25481748580932617,False
Yes - thank you for stating it this way - perfectly said.,15,21,0.16949805617332458,False
"So much to do, So much to see",27,7,0.20572873950004578,False
toxic players will sure show you the ways soon enough. Hope you got the game for free.,20,2,0.1271694004535675,False
Try really warm water instead. It's awesome.,0,11,0.14019079506397247,False
No point in getting rid of Keemun for another Keemun.,10,9,0.12061860412359238,False
Wow I’m sorry. Can you take pictures of your bruises? What was she nagging you about?,27,3,0.21702119708061218,False
"As a person that regularly down votes people that repost front age gifs, I will award you an upvote because this makes me laugh every time.",1,1,0.2072460651397705,True
Yeah thank you you ungrateful bast.....,2,15,0.2626604437828064,False
It’s one of the nine characteristics of BPD. Probably most people in this sub have struggled with some sort of addiction to a degree.,27,3,0.19609716534614563,False
"If everyone else can figure this out, then I don't see why it's so implausible for the US.",6,6,0.2145787477493286,True
"Ah, a classy man",0,0,0.2093799114227295,True
I'm glad I could contribute some positivity! All the best to you and your kids!,15,20,0.1921052783727646,False
The irony of the photo is that 60% of university admissions are women,27,12,0.1810542643070221,False
Wouldn't wipe my arse with it.,3,11,0.23880735039710999,False
"Praying for the one who wrote that, that he isn't gonna caught...",5,24,0.331964373588562,False
no one cares my guy,9,21,0.1369510293006897,False
[NAME]. Go on Chapo.,27,11,0.1731393188238144,False
Looking forward to seeing these people have their characters die in sudden and extravagant ways.,27,2,0.17880934476852417,False
her in the causing a commotion lsfyl is one of the best lip-sync performances in s8 change my mind,0,11,0.11338251829147339,False
"You can't post a Sons pic and then say ""I got this"", that just hurts.",10,12,0.18959830701351166,False
You didnt!,27,9,0.18016935884952545,False
You really dont have a day off do you,7,3,0.11045785248279572,False
Triple single son,27,18,0.07270786166191101,False
"You know it doesn't use the word ""boycott"" at all, right?",27,10,0.3015750050544739,False
"None. If she has insecurities, I latch onto them like a barnacle.",27,12,0.17816616594791412,False
Don't know how that was missed. Tragic really. Considering the title.,9,16,0.24621206521987915,False
Not sure how kittens “lol” but I’ll take your word for it.,1,1,0.261821448802948,True
Wow that's not OK,10,11,0.1871897280216217,False
Fair enough. I considered it malicious compliance because I followed the letter if the rules while purposely not following the spirit.,27,10,0.23169821500778198,False
His opponent got DQ for pinching off [NAME] air tube. His first opponent is why [NAME] had the air tube in the first place.,27,26,0.15107949078083038,False
Ah yes I used to enjoy those. Before the dark times. Before the days of a FOX less Netflix.,4,11,0.0855526477098465,False
Was he transporting animals?,7,6,0.08399144560098648,False
[NAME] ! Glad that we helped you.,15,5,0.28008174896240234,False
Triple P Positive Parenting Program is excellent.,0,5,0.15012910962104797,False
There’s always that one friend 😂,1,18,0.09838730841875076,False
I love it when people assume things.,18,1,0.1496913880109787,False
I forsee success in your future endeavors.,8,20,0.3473833501338959,False
"Just borrow against your 401k, it would be stupid not to. Unless you plan to retire in hell.",3,10,0.011842839419841766,False
"[NAME] is amped, I'm excited that he's excited",13,13,0.45644330978393555,True
"I doubt people are *happy*, but they probably aren’t sad about someone who was potentially endangering others through their anti-science views.",25,17,0.2785000205039978,False
It’s beautiful. I think I need to move. 😊,0,23,0.1413542479276657,False
"Who was it? I got here after it was deleted, and I'd like to read the comment history.",7,2,0.1547837108373642,False
"This video was uploaded in October 2013, over five years ago now. This just feels like an unnecessarily inflammatory post for karma to me.",9,27,0.16518554091453552,False
China cheating the rest of the world is horrible for the economy and society.,10,10,0.08584028482437134,True
[NAME] scratched again lmao. Lines are good though. Pretty optimal considering what we have imo. I like [NAME] playing with [NAME],1,19,0.10650715231895447,False
I can't stand having my motives questioned.,27,10,0.21561959385871887,False
😂😂😂😂😂😂😂😂😂😂😂😂😂 you got the wrong [NAME] —,27,9,0.24931442737579346,False
So get a job and leave. It's just going to get worse. First the tv then you. Get out while you can,2,3,0.09388601034879684,False
i'm enjoying this so much,17,1,0.2051927149295807,False
This is disgusting.... please make more.,11,11,0.21614357829093933,True
"Awesome, let's celebrate! Send the free pack over here ;)",0,4,0.1266048550605774,False
KAMALA 2020!!!!!!,27,20,0.172917440533638,False
This is exactly what it's been like. I feel personally victimised by it all,25,9,0.09831476956605911,False
"No problem, glad to help.",17,15,0.109132781624794,False
"This is really helpful, thanks!",15,19,0.1455552577972412,False
"So which is more profitable for producers, brick n mortar or digital distribution? Which makes more money?",7,20,0.06939391791820526,False
"Okay. Thanks for the information, I guess? I'm not really sure what your point is. ",6,6,0.1374475061893463,True
Point proven. Thanks,4,2,0.12463189661502838,False
i think the telekinesis could make a great card. sth like: move an enemy card to another position and stun its new neighbors for this round.,0,22,0.15406391024589539,False
Whatever it is it’s not even worth hearing,27,3,0.26609623432159424,False
My condolences.,16,16,0.19644038379192352,True
UNLESS THEY ARE ABUSIVE OR IT'S AN LDR!,27,2,0.19845692813396454,False
"Damn, sometimes I love people here. ",18,18,0.23712308704853058,True
Super excited to watch them in Syracuse next year. Might actually spring for season tickets,13,13,0.049319151788949966,True
"I'd imagine the confusion would be far greater, especially amongst the [RELIGION] community considering there is no aspect of Ramadan that prevents [NAME] from doing exams. ",6,6,0.12938307225704193,True
Anyone else feel like [NAME] came dressed as [NAME]?,7,12,0.2237921804189682,False
"Thanks, now every highlander I run into tries to do it 100% of the time and I just bait them into a light parry",15,2,0.07547178864479065,False
And you assume they are part of the dominant culture because of the color of their skin. That is self evident racism.,27,10,0.06793997436761856,False
Do what your username is. They aren't comparable is the slightest.,27,10,0.12440261989831924,False
"If a crime is committed, you can contact the police and report it.",27,24,0.16864053905010223,False
"Just out of curiosity, what age group are you? Your boyfriend seems real decent nut the scenario sounds like teenagers I'm confused!",6,6,0.06108296290040016,True
"Via Napoli in Epcot is amazing, but no garlic bread (the pizza is great though). ",0,11,0.14591966569423676,False
What a game.,26,26,0.1089952141046524,True
"Same reason the KKK, a radical [RELIGION] group, burns crosses.",27,2,0.2100704163312912,False
Lawson’s Sip of Sunshine! Excellent Vermont beer.,0,17,0.10884058475494385,False
"I'm sorry you fell for the carnie, bro.",24,24,0.12447604537010193,True
For me it's New York City FC since it's just a train ride away,4,23,0.023102186620235443,False
Funny how we get more anxious about our heroes than their victims,1,19,0.2253406047821045,False
More camo pants!,27,13,0.1459679901599884,False
It smelled even worse than it sounds. You learn just how quickly someone's feet can rot and really stink up an entire bay.,11,11,0.21276141703128815,True
"0.1% is a 1 in a thousand chance there, dumbass.",3,20,0.11257056891918182,False
Adapt and overcome,5,20,0.2849022150039673,False
wait they actually lost lmao. i stopped watching halfway cuz i thought SPY had it in the bag ^^^^andigotmywatchrewards,1,9,0.1075730174779892,False
You can make a complaint and get damages if this happens. They are required to not pester you for two years if you fill it in online.,27,9,0.11948467791080475,False
Couldn’t agree more,10,10,0.14382705092430115,True
It’s Woosh with 4 o’s r/woooosh (The most popular one),27,1,0.30142393708229065,False
Thank you so much. I fixed it,15,15,0.23459170758724213,True
"middle of lane is dumb that’s where all the oil pools, lane split seems like no one likes it but that’s more understandable",10,6,0.08020705729722977,False
"Damn, that was brilliantly put. Thank you. I screenshotted it to use on Twitter. Is that ok? ",0,10,0.1824563443660736,False
Intp:(,27,9,0.17505471408367157,False
"[NAME] is not fascist. Heck,she's not even alt-right",10,27,0.19314295053482056,False
[NAME]? never met one those.,27,2,0.13500478863716125,False
I love that you made sure not to let the last 4 or 5 fall over. That’s important.,4,21,0.05637786537408829,False
excuse me what. [NAME] played midfield pretty much the entire half of last season for Liverpool,0,6,0.07367753982543945,False
"So you're gay, but you hate men? Yeah, good luck with that working out for you.",5,11,0.19782646000385284,False
Great! Now down with [NAME]!!,0,11,0.2275194525718689,False
If too many medical professionals die then life will be worse as we cannot get medical treatment,10,5,0.17875438928604126,False
Idiots are downvoting your correct comment.,9,6,0.24037104845046997,False
"Lmao, this guy is a tool.",1,2,0.08728332072496414,False
"What is the $250,000 figure based on?",7,20,0.166381374001503,False
"Of course these are all conspiracy theory shitposts BUT just because he got squeezed out, doesn’t mean they want him playing for a rival team.",3,6,0.11272595822811127,False
"Well I'm trying to improve, man ",20,1,0.14692020416259766,False
Their heart rate and sats are great. Don't know what you're worried about.,0,19,0.12965402007102966,False
TAKE MY MONEY,4,4,0.16444580256938934,True
Feel free to leave.,4,2,0.17212146520614624,False
"well, most of them won't even get that far because the second you start explaining it they plug their ears and start screaming about socialism.",27,6,0.23514172434806824,False
So can we all collectively accept that [NAME] has a high placement for this week? Okay thank you,15,4,0.24301142990589142,False
Ask him if he’d consider opening a makeup store if you gave him $6000,27,0,0.08786121755838394,False
I can’t believe sb found this even remotely funny.,1,1,0.2668229043483734,True
Thanks for adding the link. I'm not that reddit savvy,15,1,0.1138363927602768,False
Here we go again I hate [NAME] *becomes a Dodger* I mean I love [NAME],18,11,0.20582038164138794,False
Oh I wasn't offended. ITA with you on the rest.,10,11,0.23758187890052795,False
I find that relatable: I too am terrified of myself.,14,14,0.32868632674217224,True
Man up and get yourself a date with a different woman.,27,9,0.11085173487663269,False
thank you SO SO much for your help <3,15,15,0.2034103274345398,True
Oh well that's that then :),27,9,0.08125756680965424,False
"lmao I love this, I love speaking nonsense to myself as well",18,1,0.251568466424942,False
Exactly. It’s all about control,27,24,0.1219702959060669,False
Mr. Met is a legend! Outrageous. Now... If you wanna talk about hateworthy mascots... The Phanatic fits the bill.,10,11,0.18108436465263367,False
Proud of you.,0,21,0.17044425010681152,False
You're probably joking but [NAME] has been pretty insightful regarding the yellow vests in France. I was impressed.,17,1,0.14626652002334595,False
Oh well maybe your cousin gave his account info to someone lol.,1,2,0.09571709483861923,False
"Tranlated: Wooooo be afraid of the spooky ""shadowban"" so don't do the thing that gets your message to a wider audience. Smh",14,14,0.2744249105453491,True
"I actually did talk to him. You can see his response to me, I linked to it in a comment. He called me a land whale. ",4,2,0.09494322538375854,False
"Bet you $20 she had more in her than 0.05 hell, more than 0.08 hmm...",27,27,0.10189780592918396,True
She's absolutely stunning in that photo,0,23,0.16436147689819336,False
No I am still friends with the person I value his friendship he can just be...judgy?,4,10,0.14460797607898712,False
Text ain’t a great medium for sarcasm.,27,1,0.46711182594299316,False
"Glad you’re doing better internet stranger, and I hope you continue to know peace and happiness. Be well.",17,5,0.22581318020820618,False
Subway is the smartest option unless you have tones of stuffs to carry !,0,23,0.023869644850492477,False
I'm loving the possibility of fighting a Chimera in the DLC.,18,11,0.06574821472167969,False
(i'm tickled to see the tag Kalamity catching on around here),27,1,0.22916755080223083,False
I would have thought so yeah.,27,26,0.10413508117198944,False
Also part of the idea is that it’s nothing special. It’s just our flag. You don’t have to order something different.,27,4,0.18831384181976318,False
>the silent majority This is the most ignorant thing I've read so far today,9,10,0.25926321744918823,False
"Wow look at this deep pockets eating a lentil a day, I have to slice mine to last me a month!!!",0,11,0.01594698429107666,False
And no fall damage,27,23,0.09124153852462769,False
Just got a bit worried because it's always showed up instantly for me before,19,19,0.10280753672122955,True
Protestantism never cease to amaze me with its joke of theology and non existent historical justification.,27,6,0.1649983823299408,False
Unfortunately for us it’s not too early. But if you want way too early 2020 draft discussion I’m really high on [NAME] from Wisconsin,27,13,0.09066377580165863,False
"How offensive. I, am NOT a duck!",3,12,0.18853437900543213,False
That amiibo addiction is real man....,27,9,0.07172411680221558,False
I had no idea it would hit me as hard as it did. It really changed my view.,22,22,0.4379124045372009,True
wh is that undertale,27,25,0.19211211800575256,False
👍 excellent! I was wondering if anyone else knew this little known nugget from history.,0,22,0.23186996579170227,False
Pull your fucking pants up oh my god,26,12,0.2614951729774475,False
"Could you explain what you mean by ""both sides"" crap?",27,10,0.1476663202047348,False
I enjoyed this nearly as much as I enjoy too many pints.,17,11,0.16391946375370026,False
“[NAME] you’re still here? Geez you really are slow.”,9,12,0.16602642834186554,False
"Damn, ultimate efficiency.",0,21,0.09977112710475922,False
This is awesome. But also r/dontdeadopeninside,0,11,0.1526332050561905,False
"We don't know what would have happened if she'd said no, which is why most guys wouldn't ask.",6,12,0.12317630648612976,False
Pick them up and put them outside.,27,11,-0.01384706236422062,False
My point was that it’s creepy. I never said it was illegal.,10,14,0.10614629834890366,False
"Personally, I prefer my seafood not tainted by oil spills. But you do you!",4,11,0.11345285177230835,False
GO SUB TO HIM HES THE BEST,0,1,0.011362627148628235,False
"Dont mind him/her, they have decided that anything which kinda speaks against the whole Apartheid is to blame for everything for the next 150 Years is bad. ",27,10,0.2948387861251831,False
"I’d say her knee is more done, ankle looks ok but I’m n doctor lol",1,20,0.12673237919807434,False
Still is glitched to this day.... sad,25,26,0.05263388156890869,False
"Ah yes, the poison. The worst part of any poisoning. ",27,11,0.2913739085197449,False
"Who says they weren’t? If they were, they were probably ignored, or drowned out by the [NAME].",27,26,0.17489087581634521,False
It's in case he suffers from amnesia and forgets his name.,14,12,0.26025158166885376,False
"Wait, you don't love reading people's blog posts on Reddit?",7,1,0.260871946811676,False
"True.. but it just seems weird that of all the ways [NAME] could have died in that throne room, he was killed by being cut in half. ",27,16,0.10842476040124893,False
thanks. I will read these,15,7,0.18873357772827148,False
Wow you really can’t handle losing can you?,7,25,0.06048235297203064,False
[NAME] got a thing for redheads? [NAME] would love to have a word with you.,18,2,0.13547243177890778,False
Get ready for another wasted season,3,9,0.19384703040122986,False
And still our government is not responsible enough to pay its bills. It's rather pathetic.,9,27,0.10234545171260834,False
"Getting outplayed by the Cavaliers LOL. Maybe [NAME] and [NAME] can take more bricks this quarter, seems to be working so far ",1,1,0.11400523036718369,True
"Yes, oops ",27,24,0.14637015759944916,False
"I can help out, pm me :)",27,5,0.10984060168266296,False
For my next magic trick; watch me turn this bottle of fireball into domestic abuse,27,2,0.24422451853752136,False
That doesn't answer my question.,9,10,0.13948005437850952,False
Man we are sloppy,27,19,0.062170661985874176,False
Cats/dogs for sure. It would be refreshing.,5,11,0.08197658509016037,False
"Ive got these too, any tips on how to remove/make them less obvious?",27,3,0.10881532728672028,False
I know a couple of people who are. It's amazing to watch.,17,1,-0.0020592929795384407,False
Just reading this makes me sick,25,11,0.34852927923202515,False
[NAME] YOU SLIME,27,11,0.20222976803779602,False
"Thanks for the clarification, appreciate that.",15,24,0.12992970645427704,False
I miss [NAME],25,26,0.2315387725830078,False
I've realized after more than 100 hours that you can dismount a horse without jumping off,22,22,0.17843391001224518,True
"Uh, loved and lost, for sure. I’d like at least one pleasant memory to look back on.",18,18,0.2846215069293976,True
What a turnaround.,26,22,0.2227150797843933,False
Its more about Russia not making such overtly antagonistic statements about Iran.,27,20,0.2411818504333496,False
Omg yes lol it’s the story of my life,1,12,0.03932318091392517,False
"INTP or not, that’s the universal language of interest, at least in my book.",27,7,0.3003433644771576,False
Buttons by PCD. I never stopped playing that song during summer of 2006.,27,24,0.14629825949668884,False
That facial hair....guy just finished playing red dead redemption 2 probably,27,2,0.16172818839550018,False
> eaten out by their coach,27,9,0.2239154875278473,False
"Dam boys, we announcing players back in training like new signings! ",4,13,0.24906089901924133,False
Only after the initial vote is honored and brexit is implemented.,27,20,0.10825185477733612,False
"Hell yeah, i agree ☺",4,18,0.1259354054927826,False
